{"cameraMode":{"drawMode":0,"name":"Shaded","section":"Shading Mode"},"sceneLighting":false,"audioPlay":false,"sceneViewState":{"showFog":true,"showMaterialUpdate":false,"showSkybox":false,"showFlares":true,"showImageEffects":true,"showParticleSystems":true,"showVisualEffectGraphs":true,"m_FxEnabled":true},"in2DMode":false,"pivot":{"x":0.315504789352417,"y":0.33369362354278567,"z":-0.5155037641525269},"rotation":{"x":0.056931883096694949,"y":0.942679762840271,"z":-0.21813669800758363,"w":0.24603107571601869},"size":1.2885621786117554,"orthographic":false}