{"cameraMode":{"drawMode":0,"name":"Shaded","section":"Shading Mode"},"sceneLighting":false,"audioPlay":false,"sceneViewState":{"m_AlwaysRefresh":false,"showFog":true,"showSkybox":true,"showFlares":true,"showImageEffects":true,"showParticleSystems":true,"showVisualEffectGraphs":true,"m_FxEnabled":true},"in2DMode":false,"pivot":{"x":0.30806881189346316,"y":1.900294303894043,"z":9.366439819335938},"rotation":{"x":-0.3185913860797882,"y":0.059104181826114658,"z":-0.01990850642323494,"w":-0.9458388090133667},"size":1.2635002136230469,"orthographic":false}