{"cameraMode":{"drawMode":0,"name":"Shaded","section":"Shading Mode"},"sceneLighting":false,"audioPlay":false,"sceneViewState":{"showFog":true,"showMaterialUpdate":false,"showSkybox":false,"showFlares":true,"showImageEffects":true,"showParticleSystems":true,"showVisualEffectGraphs":true,"m_FxEnabled":true},"in2DMode":false,"pivot":{"x":-0.008573010563850403,"y":-0.09996747970581055,"z":0.8003407716751099},"rotation":{"x":0.4474314749240875,"y":-0.040220532566308978,"z":0.0201480183750391,"w":0.8931862115859985},"size":1.1660254001617432,"orthographic":false}