{"cameraMode":{"drawMode":0,"name":"Shaded","section":"Shading Mode"},"sceneLighting":false,"audioPlay":false,"sceneViewState":{"showFog":true,"showMaterialUpdate":false,"showSkybox":true,"showFlares":true,"showImageEffects":true,"showParticleSystems":true},"in2DMode":false,"pivot":{"x":-2.1765167713165285,"y":4.90447998046875,"z":11.82038402557373},"rotation":{"x":-0.07589228451251984,"y":-0.9214959740638733,"z":0.23078493773937226,"w":-0.3030272126197815},"size":8.634692192077637,"orthographic":false}